<?xml version="1.0" encoding="UTF-8" ?>
<!DOCTYPE mapper
        PUBLIC "-//mybatis.org//DTD Mapper 3.0//EN"
        "http://mybatis.org/dtd/mybatis-3-mapper.dtd">
<mapper namespace="com.aaa.huahui.repository.AnalysisTable2Repository">


    <resultMap id="AnalysisVO" type="com.aaa.huahui.vo.AnalysisVO">
        <result column="category" property="type"/>
        <collection property="con" ofType="com.aaa.huahui.vo.AnalysisItemVO">
            <result property="category2" column="category2"/>
            <result property="sumcount" column="sumcount" javaType="double"/>
            <result property="summoney" column="summoney" javaType="double"/>
            <collection property="details" ofType="com.aaa.huahui.vo.AnalysisItemDetail">
                <result property="customer" column="customer"/>
                <result property="money" column="money"/>
                <result property="times" column="times"/>
            </collection>
        </collection>
    </resultMap>


    <!--经营分析表-->
    <select id="managementAnalysis" resultMap="AnalysisVO">
    select t3.category, category2, summoney, sumcount,t4.customer,concat(money,'(',consumptioncategory,')') money,cast(times as unsigned) times from (


    select analysisintermediatetable.category  category,
           analysisintermediatetable.category2 category2,
           ifnull(t2.summoney, 0)              summoney,
           ifnull(t2.sumcount, 0)              sumcount
    from analysisintermediatetable
             left join (
        select category category2, sum(money) summoney, count(times) sumcount
        from (
                 select *
                 from settlementnew
                 where shopid = #{shopid}
        <if test="condition=='beautician'">
            and (beautician1=#{beauticianid} or beautician2=#{beauticianid} or beautician3=#{beauticianid} or beautician4=#{beauticianid} )
        </if>
        <if test="condition=='consultant'">
            and (consultant=#{consultantname} )
        </if>
        <if test="condition=='consultantorbeautician'">
            and ((beautician1=#{beauticianid} or beautician2=#{beauticianid} or beautician3=#{beauticianid} or beautician4=#{beauticianid}) or (consultant=#{consultantname} ))
        </if>
                   and createtime between #{from} and #{to}
                   and (category = "美容" or category = "美体" or category = "仪器")) t
        group by category
    ) t2 on t2.category2 = analysisintermediatetable.category2
    where analysisintermediatetable.category = "实操类"
    )t3 left join
    (
         select category,customer,consumptioncategory,sum(money) money,sum(times) times
         from settlementnew
         where shopid = #{shopid}
        <if test="condition=='beautician'">
            and (beautician1=#{beauticianid} or beautician2=#{beauticianid} or beautician3=#{beauticianid} or beautician4=#{beauticianid})
        </if>

        <if test="condition=='consultant'">
            and (consultant=#{consultantname} )
        </if>
        <if test="condition=='consultantorbeautician'">
            and ((beautician1=#{beauticianid} or beautician2=#{beauticianid} or beautician3=#{beauticianid} or beautician4=#{beauticianid}) or (consultant=#{consultantname} ))
        </if>

        and createtime between #{from} and #{to}
           and (category = "美容" or category = "美体" or category = "仪器")group by category, customer,consumptioncategory) t4
    on t4.category=t3.category2



    union all



    select t3.category, category2, summoney, sumcount,t4.customer,concat(money,'(',consumptioncategory,')') money,cast(times as unsigned) times from (

    select analysisintermediatetable.category  category,
           analysisintermediatetable.category2 category2,
           ifnull(t2.summoney, 0)              summoney,
           ifnull(t2.sumcount, 0)              sumcount
    from analysisintermediatetable
             left join (
        select "产品类" category, consumptioncategory category2, sum(money) summoney, count(times) sumcount
        from (
                 select *
                 from settlementnew
                 where shopid = #{shopid}
        <if test="condition=='beautician'">
            and (beautician1=#{beauticianid} or beautician2=#{beauticianid} or beautician3=#{beauticianid} or beautician4=#{beauticianid})
        </if>

        <if test="condition=='consultant'">
            and (consultant=#{consultantname} )
        </if>
        <if test="condition=='consultantorbeautician'">
            and ((beautician1=#{beauticianid} or beautician2=#{beauticianid} or beautician3=#{beauticianid} or beautician4=#{beauticianid}) or (consultant=#{consultantname} ))
        </if>

                   and createtime between #{from} and #{to}
                   and category = "产品") t
        group by consumptioncategory
    ) t2 on t2.category2 = analysisintermediatetable.category2
    where analysisintermediatetable.category = "产品类"

    )t3 left join(
      select consumptioncategory,customer,sum(money) money,sum(times) times
                 from settlementnew
                 where shopid = #{shopid}
        <if test="condition=='beautician'">
            and (beautician1=#{beauticianid} or beautician2=#{beauticianid} or beautician3=#{beauticianid} or beautician4=#{beauticianid})
        </if>

        <if test="condition=='consultant'">
            and (consultant=#{consultantname} )
        </if>
        <if test="condition=='consultantorbeautician'">
            and ((beautician1=#{beauticianid} or beautician2=#{beauticianid} or beautician3=#{beauticianid} or beautician4=#{beauticianid}) or (consultant=#{consultantname} ))
        </if>
                   and createtime between #{from} and #{to}
                   and category = "产品"
        group by customer,consumptioncategory
    )t4
    on t4.consumptioncategory=t3.category2



    union all



    select t3.category, category2, summoney, sumcount,t4.customer,concat(money,'(',consumptioncategory,')') money,cast(times as unsigned) times from (
    select analysisintermediatetable.category  category,
           analysisintermediatetable.category2 category2,
           ifnull(t2.summoney, 0)              summoney,
           ifnull(t2.sumcount, 0)              sumcount
    from analysisintermediatetable
             left join (
        select "现金类" category, consumptioncategory category2, sum(money) summoney, count(times) sumcount
        from (
                 select *
                 from settlementnew
                 where shopid = #{shopid}

        <if test="condition=='beautician'">
            and (beautician1=#{beauticianid} or beautician2=#{beauticianid} or beautician3=#{beauticianid} or beautician4=#{beauticianid})
        </if>

        <if test="condition=='consultant'">
            and (consultant=#{consultantname} )
        </if>
        <if test="condition=='consultantorbeautician'">
            and ((beautician1=#{beauticianid} or beautician2=#{beauticianid} or beautician3=#{beauticianid} or beautician4=#{beauticianid}) or (consultant=#{consultantname} ))
        </if>
                   and createtime between #{from} and #{to}
                   and (consumptioncategory = "现金产品" or consumptioncategory = "现金卡" or consumptioncategory = "现金实操")) t
        group by consumptioncategory
    ) t2 on t2.category2 = analysisintermediatetable.category2
    where analysisintermediatetable.category = "现金类"
    )t3 left join(
      select consumptioncategory,customer,sum(money) money,sum(times) times
                 from settlementnew
                 where shopid = #{shopid}

        <if test="condition=='beautician'">
            and (beautician1=#{beauticianid} or beautician2=#{beauticianid} or beautician3=#{beauticianid} or beautician4=#{beauticianid})
        </if>

        <if test="condition=='consultant'">
            and (consultant=#{consultantname} )
        </if>
        <if test="condition=='consultantorbeautician'">
            and ((beautician1=#{beauticianid} or beautician2=#{beauticianid} or beautician3=#{beauticianid} or beautician4=#{beauticianid}) or (consultant=#{consultantname} ))
        </if>
                   and createtime between #{from} and #{to}
                   and (consumptioncategory = "现金产品" or consumptioncategory = "现金卡" or consumptioncategory = "现金实操")
        group by customer,consumptioncategory
    )t4  on t4.consumptioncategory=t3.category2


    union all

    select t3.category, category2, summoney, sumcount,t4.customer,concat(money,'(',consumptioncategory,')') money,cast(times as unsigned) times from (
    select analysisintermediatetable.category  category,
           analysisintermediatetable.category2 category2,
           ifnull(t2.summoney, 0)              summoney,
           ifnull(t2.sumcount, 0)              sumcount
    from analysisintermediatetable
             left join (
        select "实耗类" category, consumptioncategory category2, sum(money) summoney, count(times) sumcount
        from (
                 select *
                 from settlementnew
                 where shopid = #{shopid}

        <if test="condition=='beautician'">
            and (beautician1=#{beauticianid} or beautician2=#{beauticianid} or beautician3=#{beauticianid} or beautician4=#{beauticianid})
        </if>

        <if test="condition=='consultant'">
            and (consultant=#{consultantname} )
        </if>
        <if test="condition=='consultantorbeautician'">
            and ((beautician1=#{beauticianid} or beautician2=#{beauticianid} or beautician3=#{beauticianid} or beautician4=#{beauticianid}) or (consultant=#{consultantname} ))
        </if>
                   and createtime between #{from} and #{to}
                   and (consumptioncategory = "卡扣产品" or consumptioncategory = "卡扣实操"
                            or consumptioncategory = "现金产品"
                     or consumptioncategory = "赠送实操"
                     or consumptioncategory = "现金实操"
                       )) t
        group by consumptioncategory
    ) t2 on t2.category2 = analysisintermediatetable.category2
    where analysisintermediatetable.category = "实耗类"
     )t3 left join(
       select consumptioncategory,customer,sum(money) money,sum(times) times
                     from settlementnew
                     where shopid = #{shopid}

        <if test="condition=='beautician'">
            and (beautician1=#{beauticianid} or beautician2=#{beauticianid} or beautician3=#{beauticianid} or beautician4=#{beauticianid})
        </if>

        <if test="condition=='consultant'">
            and (consultant=#{consultantname} )
        </if>
        <if test="condition=='consultantorbeautician'">
            and ((beautician1=#{beauticianid} or beautician2=#{beauticianid} or beautician3=#{beauticianid} or beautician4=#{beauticianid}) or (consultant=#{consultantname} ))
        </if>
                       and createtime between #{from} and #{to}
                       and (consumptioncategory = "卡扣产品" or consumptioncategory = "卡扣实操"
                                or consumptioncategory = "现金产品"
                         or consumptioncategory = "赠送实操"
                         or consumptioncategory = "现金实操"
                           )
        group by customer,consumptioncategory
     )t4  on t4.consumptioncategory=t3.category2


    union all


    select t3.category, category2, summoney, sumcount,t4.customer,concat(money,'(',consumptioncategory,')') money,cast(times as unsigned) times from (
    select analysisintermediatetable.category  category,
           analysisintermediatetable.category2 category2,
           ifnull(t2.summoney, 0)              summoney,
           ifnull(t2.sumcount, 0)              sumcount
    from analysisintermediatetable
             left join (
        select "赠送类" category, consumptioncategory category2, sum(money) summoney, count(times) sumcount
        from (
                 select *
                 from settlementnew
                 where shopid = #{shopid}
        <if test="condition=='beautician'">
            and (beautician1=#{beauticianid} or beautician2=#{beauticianid} or beautician3=#{beauticianid} or beautician4=#{beauticianid})
        </if>

        <if test="condition=='consultant'">
            and (consultant=#{consultantname} )
        </if>
        <if test="condition=='consultantorbeautician'">
            and ((beautician1=#{beauticianid} or beautician2=#{beauticianid} or beautician3=#{beauticianid} or beautician4=#{beauticianid}) or (consultant=#{consultantname} ))
        </if>
                   and createtime between #{from} and #{to}
                   and (consumptioncategory = "赠送产品" or consumptioncategory = "赠送实操"
                     )) t
        group by consumptioncategory
    ) t2 on t2.category2 = analysisintermediatetable.category2
    where analysisintermediatetable.category = "赠送类"
    )t3 left join(
     select consumptioncategory,customer,sum(money) money,sum(times) times
                 from settlementnew
                 where shopid = #{shopid}
        <if test="condition=='beautician'">
            and (beautician1=#{beauticianid} or beautician2=#{beauticianid} or beautician3=#{beauticianid} or beautician4=#{beauticianid})
        </if>

        <if test="condition=='consultant'">
            and (consultant=#{consultantname} )
        </if>
        <if test="condition=='consultantorbeautician'">
            and ((beautician1=#{beauticianid} or beautician2=#{beauticianid} or beautician3=#{beauticianid} or beautician4=#{beauticianid}) or (consultant=#{consultantname} ))
        </if>
                   and createtime between #{from} and #{to}
                   and (consumptioncategory = "赠送产品" or consumptioncategory = "赠送实操"
                     )
        group by customer,consumptioncategory
      )t4  on t4.consumptioncategory=t3.category2
    ;

    </select>


    <select id="statisticsPeople" resultType="com.aaa.huahui.vo.CustomerVO">

    select count(distinct customer) "distinctcustomer",

        <if test="condition!='beautician'">
            count(customer) "customer"
        </if>
        <if test="condition=='beautician'">

            (select count(*)
            from (
            select distinct customer, createtime, beautician1 beautician
            from settlementnew
            where (shopid = #{shopid} and (beautician1 = #{beauticianid} or beautician2 = #{beauticianid} or beautician3 = #{beauticianid} or
            beautician4 = #{beauticianid}) and category in ('美容', '美体', '仪器'))
            union
            select customer, createtime, beautician2 beautician
            from settlementnew
            where (shopid = #{shopid} and (beautician1 = #{beauticianid} or beautician2 = #{beauticianid} or beautician3 = #{beauticianid} or
            beautician4 = #{beauticianid}) and category in ('美容', '美体', '仪器'))
            union
            select customer, createtime, beautician3 beautician
            from settlementnew
            where (shopid = #{shopid} and (beautician1 = #{beauticianid} or beautician2 = #{beauticianid} or beautician3 = #{beauticianid} or
            beautician4 = #{beauticianid}) and category in ('美容', '美体', '仪器'))
            union
            select customer, createtime, beautician4 beautician
            from settlementnew
            where (shopid = #{shopid} and (beautician1 = #{beauticianid} or beautician2 = #{beauticianid} or beautician3 = #{beauticianid} or
            beautician4 = #{beauticianid}) and category in ('美容', '美体', '仪器'))
            ) ttt
            where beautician is not null) as "customer"
        </if>
        from settlementnew
    where shopid = #{shopid}
      and createtime between #{from} and #{to} and category in ('美容', '美体', '仪器')
        <if test="condition=='beautician'">
            and (beautician1=#{beauticianid} or beautician2=#{beauticianid} or beautician3=#{beauticianid} or beautician4=#{beauticianid})
        </if>

        <if test="condition=='consultant'">
            and (consultant=#{consultantname} )
        </if>
        <if test="condition=='consultantorbeautician'">
            and ((beautician1=#{beauticianid} or beautician2=#{beauticianid} or beautician3=#{beauticianid} or beautician4=#{beauticianid}) or (consultant=#{consultantname} ))
        </if>

    </select>


    <!--    技师分析表-->
    <select id="beauticiantAnalysis" resultType="com.aaa.huahui.vo.AnalysisVO">


    select analysisintermediatetable.category  category,
           analysisintermediatetable.category2 category2,
           ifnull(t2.summoney, 0)              summoney,
           ifnull(t2.sumcount, 0)              sumcount
    from analysisintermediatetable
             left join (
        select category category2, sum(money) summoney, count(times) sumcount
        from (
                 select *
                 from settlementnew
                 where shopid = #{shopid}
                 and (beautician1=#{beauticianid} or beautician2=#{beauticianid} or beautician3=#{beauticianid} or beautician4=#{beauticianid})
                   and createtime between #{from} and #{to}
                   and (category = "美容" or category = "美体" or category = "仪器")) t
        group by category
    ) t2 on t2.category2 = analysisintermediatetable.category2
    where analysisintermediatetable.category = "实操类"

    union all

    select analysisintermediatetable.category  category,
           analysisintermediatetable.category2 category2,
           ifnull(t2.summoney, 0)              summoney,
           ifnull(t2.sumcount, 0)              sumcount
    from analysisintermediatetable
             left join (
        select "产品类" category, consumptioncategory category2, sum(money) summoney, count(times) sumcount
        from (
                 select *
                 from settlementnew
                 where shopid = #{shopid}
                 and (beautician1=#{beauticianid} or beautician2=#{beauticianid} or beautician3=#{beauticianid} or beautician4=#{beauticianid})
                   and createtime between #{from} and #{to}
                   and category = "产品") t
        group by consumptioncategory
    ) t2 on t2.category2 = analysisintermediatetable.category2
    where analysisintermediatetable.category = "产品类"

    union all

    select analysisintermediatetable.category  category,
           analysisintermediatetable.category2 category2,
           ifnull(t2.summoney, 0)              summoney,
           ifnull(t2.sumcount, 0)              sumcount
    from analysisintermediatetable
             left join (
        select "现金类" category, consumptioncategory category2, sum(money) summoney, count(times) sumcount
        from (
                 select *
                 from settlementnew
                 where shopid = #{shopid}
                 and (beautician1=#{beauticianid} or beautician2=#{beauticianid} or beautician3=#{beauticianid} or beautician4=#{beauticianid} )
                   and createtime between #{from} and #{to}
                   and (consumptioncategory = "现金产品" or consumptioncategory = "现金卡" or consumptioncategory = "现金实操")) t
        group by consumptioncategory
    ) t2 on t2.category2 = analysisintermediatetable.category2
    where analysisintermediatetable.category = "现金类"

    union all

    select analysisintermediatetable.category  category,
           analysisintermediatetable.category2 category2,
           ifnull(t2.summoney, 0)              summoney,
           ifnull(t2.sumcount, 0)              sumcount
    from analysisintermediatetable
             left join (
        select "实耗类" category, consumptioncategory category2, sum(money) summoney, count(times) sumcount
        from (
                 select *
                 from settlementnew
                 where shopid = #{shopid}
                 and (beautician1=#{beauticianid} or beautician2=#{beauticianid}  or beautician3=#{beauticianid} or beautician4=#{beauticianid} )
                   and createtime between #{from} and #{to}
                   and (consumptioncategory = "卡扣产品" or consumptioncategory = "卡扣实操"
                            or consumptioncategory = "现金产品"
                     or consumptioncategory = "赠送实操"
                     or consumptioncategory = "现金实操"
                       )) t
        group by consumptioncategory
    ) t2 on t2.category2 = analysisintermediatetable.category2
    where analysisintermediatetable.category = "实耗类"

    union all

    select analysisintermediatetable.category  category,
           analysisintermediatetable.category2 category2,
           ifnull(t2.summoney, 0)              summoney,
           ifnull(t2.sumcount, 0)              sumcount
    from analysisintermediatetable
             left join (
        select "赠送类" category, consumptioncategory category2, sum(money) summoney, count(times) sumcount
        from (
                 select *
                 from settlementnew
                 where shopid = #{shopid}
                 and (beautician1=#{beauticianid} or beautician2=#{beauticianid} or beautician3=#{beauticianid} or beautician4=#{beauticianid} )
                   and createtime between #{from} and #{to}
                   and (consumptioncategory = "赠送产品" or consumptioncategory = "赠送实操"
                     )) t
        group by consumptioncategory
    ) t2 on t2.category2 = analysisintermediatetable.category2
    where analysisintermediatetable.category = "赠送类"

    ;

    </select>


    <select id="statisticsPeopleByShopIdAndBeautician" resultType="com.aaa.huahui.vo.CustomerVO">

    select count(distinct customer) "distinctcustomer", count(customer) "customer"
    from settlementnew
    where shopid = #{shopid}
    and (beautician1=#{beauticianid} or beautician2=#{beauticianid} or beautician3=#{beauticianid} or beautician4=#{beauticianid} )
      and createtime between #{from} and #{to}


    </select>


    <resultMap id="ProjectTableVO" type="com.aaa.huahui.vo.ProjectTableVO">
        <id column="name" property="name"/>
        <result column="summoney" property="summoney"/>
        <result column="sumcount" property="sumcount"/>
        <collection property="details" ofType="com.aaa.huahui.vo.Project">
            <result property="customer" column="customer"/>
            <result property="money" column="money"/>
            <result property="times" column="times"/>
        </collection>
    </resultMap>

    <select id="categoryAnalysis" resultMap="ProjectTableVO">

    select t.name                                             name,
       t.summoney                                         summoney,
       t.sumcount                                         sumcount,

       t2.customer                                        customer,
       concat(t2.money, '(', t2.consumptioncategory, ')') money,
       t2.times                                           times
    from (

    select projectname  name,
           sum(money) summoney,
           count(times) sumcount
    from settlementnew
    where shopid = #{shopid}
      and createtime between #{from}
        and #{to}
      and category = #{category}

        <if test="condition=='consultantorbeautician'">
            and ((beautician1=#{beauticianid} or beautician2=#{beauticianid} or beautician3=#{beauticianid} or beautician4=#{beauticianid}) or (consultant=#{consultantname} ))
        </if>
    group by projectname
    order by summoney,sumcount ) t

        left join (

             SELECT projectname name, customer customer, sum(times) times, sum(money) money, consumptioncategory consumptioncategory
    FROM settlementnew
    where shopid = #{shopid}
      and createtime between #{from}
        and #{to}
      and category = #{category}

        <if test="condition=='consultantorbeautician'">
            and ((beautician1=#{beauticianid} or beautician2=#{beauticianid} or beautician3=#{beauticianid} or beautician4=#{beauticianid}) or (consultant=#{consultantname} ))
        </if>
      group by projectname,customer,consumptioncategory
        ) t2 on t.name = t2.name order by summoney desc

    </select>


    <resultMap id="BeauticianProjectVO" type="com.aaa.huahui.vo.BeauticianProjectVO">
        <result column="name" property="name"/>
        <collection property="con" ofType="com.aaa.huahui.vo.BeauticianProjectItemVO">

            <result property="time" column="time" javaType="java.sql.Timestamp"/>
            <result property="projectname" column="projectname"/>
            <result property="summoney" column="summoney"/>
            <result property="count" column="count"/>
            <result property="allocate" column="allocate"/>
            <result property="sumhand" column="sumhand"/>

        </collection>
    </resultMap>


    <select id="beauticiantTableAnalysis" resultMap="BeauticianProjectVO">
        select staff.name name,
        settlementnew.createtime as time,
        settlementnew.projectname projectname,
        sum(money) summoney,
        count(projectname) count,
        sum(hand) sumhand,
        settlementnew.allocate allocate
        from settlementnew
        inner join staff on (settlementnew.beautician1 = staff.staffid or settlementnew.beautician2 = staff.staffid or settlementnew.beautician3 = staff.staffid or settlementnew.beautician4 = staff.staffid)
        <if test="staffid!=-1">
            and staff.staffid = #{staffid}
        </if>

        <if test="fenxi==0">
            and category in ('美容','美体','仪器')
        </if>

        <if test="fenxi==1">
            and consumptioncategory in ('现金卡','现金产品','现金实操')
        </if>

        and settlementnew.createtime between #{from} and #{to}
        and settlementnew.shopid=#{shopid}
        group by staff.staffid,createtime,allocate;
    </select>


</mapper>