<?xml version="1.0" encoding="UTF-8" ?>
<!DOCTYPE mapper
        PUBLIC "-//mybatis.org//DTD Mapper 3.0//EN"
        "http://mybatis.org/dtd/mybatis-3-mapper.dtd">
<mapper namespace="com.aaa.huahui.repository.AnalysisTableRepository">


    <select id="selectCustomerHands" resultType="com.aaa.huahui.vo.CustomerHandsVO">
        select * from(
        select customer,
       if(sum(t1 + t2 + t3) = 0, "睡眠客",
          if(sum(t1 + t2 + t3) = 2, "活客", if(sum(t1 + t2 + t3) = 3, "有效客", "其它"))) as status
    from (
       select customer,
                       if(createtime between date_sub(now(), INTERVAL 30 DAY) and now(), 1, 0) as t1,
                       if(createtime between date_sub(now(), INTERVAL 60 DAY) and date_sub(now(), INTERVAL 30 DAY), 1,
                          0)                                                                   as t2,
                       if(createtime between date_sub(now(), INTERVAL 90 DAY) and date_sub(now(), INTERVAL 60 DAY), 1,
                          0)                                                                   as t3
       from settlementnew
      where customer=#{customer}
     ) t)aa
     inner join (
        select customer,createtime,projectname,money,convert(times,decimal(12,2)) times,convert(hand,decimal(12,2)) hand
        from settlementnew
        where customer=#{customer} and shopid=#{shopid} and category in ('美容','美体','仪器') and createtime between #{starttime} and #{endtime}
        <if test="staffid!=-1">
            and beautician1=#{staffid} or beautician2=#{staffid} or beautician3=#{staffid} or beautician4=#{staffid} or consultant=#{consultant}
        </if>
        union all
        select '总计' as customer,''as createtime,''as projectname,sum(money) as money,convert(sum(times),decimal(12,2)) as times,convert(sum(hand),decimal(12,2)) as hand
        from settlementnew
        where customer=#{customer} and shopid=#{shopid} and category in ('美容','美体','仪器') and createtime between #{starttime} and #{endtime}
        <if test="staffid!=-1">
            and beautician1=#{staffid} or beautician2=#{staffid} or beautician3=#{staffid} or beautician4=#{staffid} or consultant=#{consultant}
        </if>
        ) bb where aa.customer=bb.customer
    </select>

    <select id="selectCustomerCash" resultType="com.aaa.huahui.vo.CustomerHandsVO">
        select * from(
        select customer,
       if(sum(t1 + t2 + t3) = 0, "睡眠客",
          if(sum(t1 + t2 + t3) = 2, "活客", if(sum(t1 + t2 + t3) = 3, "有效客", "其它"))) as status
    from (
       select customer,
                       if(createtime between date_sub(now(), INTERVAL 30 DAY) and now(), 1, 0) as t1,
                       if(createtime between date_sub(now(), INTERVAL 60 DAY) and date_sub(now(), INTERVAL 30 DAY), 1,
                          0)                                                                   as t2,
                       if(createtime between date_sub(now(), INTERVAL 90 DAY) and date_sub(now(), INTERVAL 60 DAY), 1,
                          0)                                                                   as t3
       from settlementnew
      where customer=#{customer}
     ) t)aa
     inner join (
        select customer,createtime,projectname,money,convert(times,decimal(12,2)) times,convert(hand,decimal(12,2)) hand
        from settlementnew
        where customer=#{customer} and shopid=#{shopid} and consumptioncategory in ('现金卡','现金产品','现金实操') and createtime between #{starttime} and #{endtime}
        <if test="staffid!=-1">
            and beautician1=#{staffid} or beautician2=#{staffid} or beautician3=#{staffid} or beautician4=#{staffid} or consultant=#{consultant}
        </if>
        union all
        select '总计' as customer,''as createtime,''as projectname,sum(money) as money,convert(sum(times),decimal(12,2)) as times,convert(sum(hand),decimal(12,2)) as hand
        from settlementnew
        where customer=#{customer} and shopid=#{shopid} and consumptioncategory in ('现金卡','现金产品','现金实操') and createtime between #{starttime} and #{endtime}
        <if test="staffid!=-1">
            and beautician1=#{staffid} or beautician2=#{staffid} or beautician3=#{staffid} or beautician4=#{staffid} or consultant=#{consultant}
        </if>
        ) bb where aa.customer=bb.customer
    </select>

    <select id="selectAllCustomerByName" resultType="com.aaa.huahui.vo.CustomerHandsVO">
        select * from(
        select customer,
               if(sum(t1 + t2 + t3) = 0, "睡眠客",
                  if(sum(t1 + t2 + t3) = 2, "活客", if(sum(t1 + t2 + t3) = 3, "有效客", "其他"))) as status
        from (
               select distinct customer,
                               if(createtime between date_sub(now(), INTERVAL 30 DAY) and now(), 1, 0) as t1,
                               if(createtime between date_sub(now(), INTERVAL 60 DAY) and date_sub(now(), INTERVAL 30 DAY), 1,
                                  0)                                                                   as t2,
                               if(createtime between date_sub(now(), INTERVAL 90 DAY) and date_sub(now(), INTERVAL 60 DAY), 1,
                                  0)                                                                   as t3
               from settlementnew
             ) t
        group by customer) aa
        inner join(
        select customer,createtime,projectname,money,convert(times,decimal(12,2)) times,convert(hand,decimal(12,2)) hand
        from settlementnew
        where customer=#{customer} and shopid=#{shopid} and createtime between #{start} and #{end}
        <if test="staffid!=-1">
            and beautician1=#{staffid} or beautician2=#{staffid} or beautician3=#{staffid} or beautician4=#{staffid} or consultant=#{consultant}
        </if>
        order by createtime desc) bb on aa.customer=bb.customer
    </select>

    <select id="selectAllCustomer" resultType="com.aaa.huahui.vo.CustomerHandsVO">
        select customer, status, createtime, projectname, money, convert(times,decimal(12,2)) times, convert(hand,decimal(12,2)) hand from(
        select customer,
               if(sum(t1 + t2 + t3) = 0, "睡眠客",
                  if(sum(t1 + t2 + t3) = 2, "活客", if(sum(t1 + t2 + t3) = 3, "有效客", "其他"))) as status
        from (
               select distinct customer,
                               if(createtime between date_sub(now(), INTERVAL 30 DAY) and now(), 1, 0) as t1,
                               if(createtime between date_sub(now(), INTERVAL 60 DAY) and date_sub(now(), INTERVAL 30 DAY), 1,
                                  0)                                                                   as t2,
                               if(createtime between date_sub(now(), INTERVAL 90 DAY) and date_sub(now(), INTERVAL 60 DAY), 1,
                                  0)                                                                   as t3
               from settlementnew
             ) t
        group by customer) aa
        inner join(
        select customer,createtime,projectname,money,times,hand
        from settlementnew
        where shopid=#{shopid} and createtime between #{start} and #{end}
        <if test="staffid!=-1">
            and beautician1=#{staffid} or beautician2=#{staffid} or beautician3=#{staffid} or beautician4=#{staffid} or consultant=#{consultant}
        </if>
        order by createtime desc) bb on aa.customer=bb.customer
    </select>

    <select id="downtoStoreTimes" resultType="java.util.HashMap">
       select customer,count(customer) as times
       from settlementnew
       where shopid=#{shopid} and createtime between #{start} and  #{end}
       <if test="staffid!=-1">
           and beautician1=#{staffid} or beautician2=#{staffid} or beautician3=#{staffid} or beautician4=#{staffid} or consultant=#{consultant}
       </if>
       group by customer
       order by times desc;
    </select>

    <select id="actualMoney" resultType="java.util.HashMap">
       select * from(
       select customer,sum(money) as smoney
       from settlementnew
       where shopid=#{shopid} and consumptioncategory in ('卡扣产品','卡扣实操','现金产品','现金实操','赠送实操') and createtime between #{start} and  #{end}
       <if test="staffid!=-1">
           and beautician1=#{staffid} or beautician2=#{staffid} or beautician3=#{staffid} or beautician4=#{staffid} or consultant=#{consultant}
       </if>
       group by customer) t
       order by smoney desc
    </select>

    <select id="downtoStorePercent" resultType="java.util.HashMap">
        select times, cast(sum(con) as unsigned) con from (
        select times, count(*) con
        from (
        select customer, count(customer) as times
        from settlementnew
        where shopid = #{shopid}
        and settlementnew.createtime between #{start} and  #{end}
        group by customer
        order by times) t
        group by times
        having times &lt; 5
        union all
        select 5 times, count(*)
        from (
        select times, count(*) con
        from (select customer, count(customer) as times
        from settlementnew
        where shopid = #{shopid}
        and settlementnew.createtime between #{start} and  #{end}
        group by customer
        order by times) t
        group by times
        having times >= 5
        ) tt
        union select 1 times,0 con
        union
        select 2 times,0 con
        union
        select 3 times,0 con
        union
        select 4 times,0 con)tt group by times
    </select>

    <select id="cashMoney" resultType="java.util.HashMap">
      select * from(
       select customer,sum(money) as smoney
       from settlementnew
       where shopid=#{shopid} and consumptioncategory in ('现金产品','现金卡','现金实操') and createtime between #{start} and  #{end}
        <if test="staffid!=-1">
            and beautician1=#{staffid} or beautician2=#{staffid} or beautician3=#{staffid} or beautician4=#{staffid} or consultant=#{consultant}
        </if>
       group by customer) t
       order by smoney desc
    </select>

    <select id="getBrandData" resultType="java.util.HashMap">
            select cc.name, convert(IFNULL(ca.times,0),decimal(12,2)) times,IFNULL(ca.xianjin,0) xianjin,convert(IFNULL(ca.shicao,0),decimal(12,2)) shicao,IFNULL(ca.rentou,0) rentou
            from (
                   select count(customer) times, sum(money) xianjin, sum(money1) shicao, count(distinct customer) rentou, shopid
                   from (
                          select times, money, '0' as money1, shopid,customer
                          from settlementnew
                          where createtime between #{start} and #{end}
                            and consumptioncategory in ('现金产品', '现金卡', '现金实操')
                            and shopid in
                                (select shopid
                                 from shop
                                 where brandid = #{brandid})
                            union all
                            select '0' as times
                              , '0' as money
                              , money as money1
                              , shopid,customer
                            from settlementnew
                            where createtime between #{start} and #{end}
                            and consumptioncategory in ('卡扣产品', '卡扣实操', '现金产品', '现金实操', '赠送实操')
                            and shopid in
                                (select shopid from shop where brandid = #{brandid})) a
                   group by shopid) ca
                   right join (
              select c.id, c.name
              from user c
              where c.id in (select shopid
                 from shop
                 where brandid = #{brandid})
            ) cc on ca.shopid = cc.id
    </select>

    <select id="getAllTodayAndUnexaminedSettlement" resultType="java.util.HashMap">
        select settlementid,
        customer,
       projectname,
       money,
       consumptionpattern,
       a.name name1,
       b.name name2,
       c.name name3,
       d.name name4
from settlementnew
       left  join staff a on a.staffid = settlementnew.beautician1
       left  join staff b on b.staffid = settlementnew.beautician2
       left  join staff c on c.staffid = settlementnew.beautician3
       left  join staff d on d.staffid = settlementnew.beautician4
where settlementnew.shopid=#{shopid} and examine = 0
    </select>

</mapper>