<?xml version="1.0" encoding="UTF-8" ?>
<!DOCTYPE mapper
        PUBLIC "-//mybatis.org//DTD Mapper 3.0//EN"
        "http://mybatis.org/dtd/mybatis-3-mapper.dtd">
<mapper namespace="com.aaa.huahui.repository.BrandRepository">
    <resultMap id="Category" type="com.aaa.huahui.model.Factory">

        <!--        <id column="id" property="id"/>-->
        <!--        <result column="brandid" property="shopid"/>-->


        <!--        <collection property="settlementItems" ofType="com.aaa.huahui.vo.SettlementItemVO">-->
        <!--            <result property="settlementid" column="settlementid" javaType="int"/>-->
        <!--            <collection property=""-->

        <!--        </collection>-->

    </resultMap>
<!--    <select id="selectCategoryStructure" resultType="com.aaa.huahui.model.Factory">-->


<!--    select factory.id           categoryid,-->
<!--           factory.brandid      categorybrandid,-->
<!--           factory.name         categoryname,-->

<!--           project.projectid category2category2id,-->
<!--           project.factoryid  category2categoryid,-->
<!--           project.projectname        category2name,-->

<!--           project.id            projectid,-->
<!--           project.category2id   projectcategory2id,-->
<!--           project.name          projectname-->

<!--    from factory-->
<!--             left join project on factory.id = project.factoryid-->
<!--             left join project on project.category2id = project.projectid-->
<!--    where factory.brandid = #{brandid};-->


<!--    </select>-->


    <resultMap id="CategoryVO" type="com.aaa.huahui.vo.CategoryVO">

        <id column="categoryid" property="id"/>
        <result column="categoryname" property="name"/>

        <collection property="projects" ofType="com.aaa.huahui.model.Project">
            <result property="factoryid" column="categoryid"/>
            <result property="projectname" column="projectname"/>
            <result property="projectid" column="projectid"/>

        </collection>

    </resultMap>
    <select id="selectAllFactoryAndProject" resultMap="CategoryVO">



    </select>

    <!--    <select id="selectallcategoryand2" resultMap="CategoryVO">-->

<!--    select factory.id           categoryid,-->
<!--           factory.name         categoryname,-->
<!--           project.projectid   projectid,-->
<!--           project.projectname        projectname-->
<!--    from factory,-->
<!--         project-->

<!--    where project.factoryid = factory.id-->
<!--      and factory.brandid = #{brandid};-->

<!--    </select>-->


</mapper>