<?xml version="1.0" encoding="UTF-8" ?>
<!DOCTYPE mapper
        PUBLIC "-//mybatis.org//DTD Mapper 3.0//EN"
        "http://mybatis.org/dtd/mybatis-3-mapper.dtd">
<mapper namespace="com.aaa.huahui.repository.SettlementRepository">


    <resultMap id="SettlementVO" type="com.aaa.huahui.vo.SettlementVO">

        <id column="settlementid" property="id"/>
        <result column="shopid" property="shopid"/>
        <result column="createtime" property="createtime"/>
        <result column="customername" property="customername"/>
        <result column="paymentmethodname" property="paymentmethod"/>
        <result column="consultant" property="consultant"/>
        <result column="roomname" property="roomname"/>


        <collection property="settlementItems" ofType="com.aaa.huahui.vo.SettlementItemVO">
            <result property="settlementid" column="settlementid" javaType="int"/>
            <result property="id" column="settlementitemid" javaType="int"/>
            <result property="projectname" column="category2name" javaType="string"/>
            <result property="times" column="times" javaType="int"/>
            <result property="price" column="price" javaType="int"/>
            <result property="staff1name" column="staff1name" javaType="string"/>
            <result property="staff2name" column="staff2name" javaType="string"/>
        </collection>

    </resultMap>


    <select id="selectSettlementById" resultMap="SettlementVO">


        select settlement.id settlementid,
        settlement.shopid shopid,
        settlement.roomname roomname,
        settlement.createtime createtime,
        settlement.customername customername,
        paymentmethod.name paymentmethodname,

        consultanttable.name consultant,

        settlementitem.id settlementitemid,
        settlementitem.times times,
        settlementitem.price price,

        project.projectname category2name,

        staff1.name staff1name,
        staff2.name staff2name

        from settlementitem settlementitem
        left join
        settlement settlement on settlement.id = settlementitem.settlementid
        left join paymentmethod paymentmethod on paymentmethod.id = settlement.paymentmethod
        left join staff consultanttable
        on consultanttable.staffid = settlement.consultantid and consultanttable.role = 'consultant'
        left join staff staff1 on staff1.staffid = settlementitem.staff1 and staff1.role = 'beautician'
        left join staff staff2 on staff2.staffid = settlementitem.staff2 and staff1.role = 'beautician'
        left join project project on project.projectid = settlementitem.projectid

        where settlement.id = #{id}

    </select>


    <select id="selectSettlementByIdWithPage" resultMap="SettlementVO">

        select settlement.id settlementid,
        settlement.shopid shopid,
        settlement.roomname roomname,
        settlement.createtime createtime,
        settlement.customername customername,
        paymentmethod.name paymentmethodname,

        consultanttable.name consultant,

        settlementitem.id settlementitemid,
        settlementitem.times times,
        settlementitem.price price,

        project.projectname category2name,

        staff1.name staff1name,
        staff2.name staff2name

        from settlementitem settlementitem
        left join
        settlement settlement on settlement.id = settlementitem.settlementid
        left join paymentmethod paymentmethod on paymentmethod.id = settlement.paymentmethod
        left join staff consultanttable
        on consultanttable.staffid = settlement.consultantid and consultanttable.role = 'consultant'
        left join staff staff1 on staff1.staffid = settlementitem.staff1 and staff1.role = 'beautician'
        left join staff staff2 on staff2.staffid = settlementitem.staff2 and staff1.role = 'beautician'
        left join project project on project.projectid = settlementitem.projectid

        where settlement.shopid = #{shopid}
        and settlement.createtime between #{from} and #{to}
        order by createtime desc
        limit #{offset},#{limit}

    </select>

    <select id="selectCountCustomerTimes" resultType="java.util.Map">

        select customername, times(customername) times
        from settlement
        where shopid = #{shopid}
        and settlement.createtime between #{from} and #{to}
        group by customername
        order by times desc
    </select>


    <select id="selectCountCustomerPrice" resultType="java.util.Map">
        select customername, sum(price) countprice
        from (
        select
        settlement.createtime createtime,
        settlement.customername customername,

        settlementitem.price price

        from settlementitem settlementitem
        inner join
        settlement settlement on settlement.id = settlementitem.settlementid
        left join paymentmethod paymentmethod on paymentmethod.id = settlement.paymentmethod


        where settlement.shopid = #{shopid}
        and settlement.createtime between #{from} and #{to}
        order by createtime desc
        ) t
        group by customername
        order by countprice desc ;
    </select>


    <select id="selectCountCustomerGreaterOrEq" resultType="java.lang.Integer">

        select times(customername) times
        from (
        select customername, times(customername) times
        from settlement
        where shopid = #{shopid}
        and settlement.createtime between #{from} and #{to}
        group by customername
        order by times
        )t where times>=#{mintimes}
    </select>

    <select id="selectCountCustomerEq" resultType="int">

       select times(customername) times
        from (
        select customername, times(customername) times
        from settlement
        where shopid = #{shopid}
        and settlement.createtime between #{from} and #{to}
        group by customername
        order by times
        )t where times=#{mintimes}

    </select>


    <select id="selectProjectSumPrice" resultType="java.util.Map">

        select projectname, sum(price) sumprice
        from (
        select settlement.createtime createtime,
        project.name projectname,
        settlementitem.price price
        from settlementitem settlementitem
        left join settlement settlement on settlement.id = settlementitem.settlementid
        left join project project on project.projectid = settlementitem.projectid
        left join project on project.projectid = project.category2id

        where settlement.shopid = #{shopid}
        and settlement.createtime between #{from} and #{to}
        order by createtime desc
        ) t
        group by projectname
        order by sumprice desc

    </select>


    <select id="selectProjectCount" resultType="java.util.Map">
        select projectname, times(projectname) projectcount
        from (
        select settlement.createtime createtime,
        project.name projectname
        from settlementitem settlementitem
        left join settlement settlement on settlement.id = settlementitem.settlementid
        left join project project on project.projectid = settlementitem.projectid
        left join project on project.projectid = project.category2id

        where settlement.shopid = #{shopid}
        and settlement.createtime between #{from} and #{to}
        order by createtime desc
        ) t
        group by projectname
        order by projectcount desc
    </select>


    <select id="selectCategory2SumPrice" resultType="java.util.Map">
        select category2name, sum(price) sumprice
        from (
        select
        settlementitem.price price,
        project.projectname category2name

        from settlementitem settlementitem
        left join
        settlement settlement on settlement.id = settlementitem.settlementid
        left join paymentmethod paymentmethod on paymentmethod.id = settlement.paymentmethod
        left join staff consultanttable
        on consultanttable.staffid = settlement.consultantid and
        consultanttable.role = 'consultant'
        left join staff staff1
        on staff1.staffid = settlementitem.staff1 and staff1.role = 'beautician'
        left join staff staff2
        on staff2.staffid = settlementitem.staff2 and staff1.role = 'beautician'
        left join project project on project.projectid = settlementitem.projectid


        where settlement.shopid = #{shopid}
        and settlement.createtime between #{from} and #{to}
        ) t
        group by category2name

    </select>

    <select id="selectCategory2SumCount" resultType="java.util.Map">
        select category2name, times (category2name) sumcount
        from (
        select
        settlementitem.price price,
        project.projectname category2name

        from settlementitem settlementitem
        left join
        settlement settlement on settlement.id = settlementitem.settlementid
        left join paymentmethod paymentmethod on paymentmethod.id = settlement.paymentmethod
        left join staff consultanttable
        on consultanttable.staffid = settlement.consultantid and
        consultanttable.role = 'consultant'
        left join staff staff1
        on staff1.staffid = settlementitem.staff1 and staff1.role = 'beautician'
        left join staff staff2
        on staff2.staffid = settlementitem.staff2 and staff1.role = 'beautician'
        left join project project on project.projectid = settlementitem.projectid


        where settlement.shopid = #{shopid}
        and settlement.createtime between #{from} and #{to}
        ) t
        group by category2name

    </select>


    <select id="selectCategory2SumCountAndSumPrice" resultType="java.util.Map">
    select factory.name                categoryname,
       allcategory2.category2name   category2name,
       ifnull(t2.sumprice, 0)       sumprice,
       ifnull(t3.countcategory2, 0) sumcount
from factory
         inner join (
    select project.projectname category2name, project.projectid category2id, factory.id categoryid
    from brand,
         shop,
         factory,
         project
    where shopid = #{shopid}
      and shop.brandid = brand.brandid
      and factory.brandid = brand.brandid
      and project.factoryid = factory.id
) allcategory2 on factory.id = allcategory2.categoryid

         left join (
    select category2name, sum(price) sumprice
    from (
             select settlementitem.price price,
                    project.projectname       category2name

             from settlementitem settlementitem
                      inner join
                  settlement settlement on settlement.id = settlementitem.settlementid
                      left join paymentmethod paymentmethod on paymentmethod.id = settlement.paymentmethod
                      left join staff consultanttable
                                on consultanttable.staffid = settlement.consultantid and
                                   consultanttable.role = 'consultant'
                      left join staff staff1
                                on staff1.staffid = settlementitem.staff1 and staff1.role = 'beautician'
                      left join staff staff2
                                on staff2.staffid = settlementitem.staff2 and staff1.role = 'beautician'
                      inner join project project on project.id = settlementitem.projectid
                      inner join project on project.projectid = project.category2id

             where settlement.shopid = #{shopid}
               and settlement.createtime between #{from} and #{to}
         ) t
    group by category2name
) t2 on allcategory2.category2name = t2.category2name

         left join (
    select category2name, times(category2name) countcategory2
    from (
             select settlementitem.price price,
                    project.projectname       category2name

             from settlementitem settlementitem
                      inner join
                  settlement settlement on settlement.id = settlementitem.settlementid
                      left join paymentmethod paymentmethod on paymentmethod.id = settlement.paymentmethod
                      left join staff consultanttable
                                on consultanttable.staffid = settlement.consultantid and
                                   consultanttable.role = 'consultant'
                      left join staff staff1
                                on staff1.staffid = settlementitem.staff1 and staff1.role = 'beautician'
                      left join staff staff2
                                on staff2.staffid = settlementitem.staff2 and staff1.role = 'beautician'
                      inner join project project on project.id = settlementitem.projectid
                      inner join project on project.projectid = project.category2id

             where settlement.shopid = #{shopid}
               and settlement.createtime between #{from} and #{to}
         ) t
    group by category2name
) t3 on allcategory2.category2name = t3.category2name
;

    </select>


    <select id="selectConsultantCategory2SumPrice" resultType="java.util.Map">

        select category2name, sum(price) sumprice
        from (
        select

        settlementitem.price price,

        project.projectname category2name

        from settlementitem settlementitem
        left join
        settlement settlement on settlement.id = settlementitem.settlementid
        left join paymentmethod paymentmethod on paymentmethod.id = settlement.paymentmethod
        left join staff consultanttable
        on consultanttable.staffid = settlement.consultantid and
        consultanttable.role = 'consultant' and consultanttable.name=#{consultantname}
        left join staff staff1
        on staff1.staffid = settlementitem.staff1 and staff1.role = 'beautician'
        left join staff staff2
        on staff2.staffid = settlementitem.staff2 and staff1.role = 'beautician'
        left join project project on project.projectid = settlementitem.projectid

        where settlement.shopid = #{shopid}
        and settlement.createtime between #{from} and #{to}
        ) t
        group by category2name


    </select>


    <select id="selectConsultantCategory2SumCount" resultType="java.util.Map">
        select category2name, times (category2name) countcategory2name
        from (
        select
        project.projectname category2name

        from settlementitem settlementitem
        left join
        settlement settlement on settlement.id = settlementitem.settlementid
        left join paymentmethod paymentmethod on paymentmethod.id = settlement.paymentmethod
        left join staff consultanttable
        on consultanttable.staffid = settlement.consultantid and
        consultanttable.role = 'consultant' and consultanttable.name=#{consultantname}
        left join staff staff1
        on staff1.staffid = settlementitem.staff1 and staff1.role = 'beautician'
        left join staff staff2
        on staff2.staffid = settlementitem.staff2 and staff1.role = 'beautician'
        left join project project on project.projectid = settlementitem.projectid

        where settlement.shopid = #{shopid} 
        and settlement.createtime between #{from} and #{to}
        ) t
        group by category2name

    </select>


    <select id="selectConsultantCategory2SumCountAndSumPrice" resultType="java.util.Map">

    select factory.name                categoryname,
           allcategory2.category2name   category2name,
           ifnull(t2.sumprice, 0)       sumprice,
           ifnull(t3.countcategory2, 0) sumcount
    from factory
             inner join (
        select project.projectname category2name, project.projectid category2id, factory.id categoryid
        from brand,
             shop,
             factory,
             project
        where shopid = #{shopid}
          and shop.brandid = brand.brandid
          and factory.brandid = brand.brandid
          and project.factoryid = factory.id
    ) allcategory2 on factory.id = allcategory2.categoryid

             left join (
        select category2name, sum(price) sumprice
        from (
                 select settlementitem.price price,
                        project.projectname       category2name

                 from settlementitem settlementitem
                          inner join
                      settlement settlement on settlement.id = settlementitem.settlementid
                          left join paymentmethod paymentmethod on paymentmethod.id = settlement.paymentmethod
                          inner join staff consultanttable
                                     on consultanttable.staffid = settlement.consultantid and
                                        consultanttable.role = 'consultant' and consultanttable.name = #{consultantname}
                          left join staff staff1
                                    on staff1.staffid = settlementitem.staff1 and staff1.role = 'beautician'
                          left join staff staff2
                                    on staff2.staffid = settlementitem.staff2 and staff1.role = 'beautician'
                          inner join project project on project.id = settlementitem.projectid
                          inner join project on project.projectid = project.category2id

                 where settlement.shopid = #{shopid}
                   and settlement.createtime between #{from} and #{to}
             ) t
        group by category2name
    ) t2 on allcategory2.category2name = t2.category2name

             left join (
        select category2name, times(category2name) countcategory2
        from (
                 select settlementitem.price price,
                        project.projectname       category2name

                 from settlementitem settlementitem
                          inner join
                      settlement settlement on settlement.id = settlementitem.settlementid
                          left join paymentmethod paymentmethod on paymentmethod.id = settlement.paymentmethod
                          inner join staff consultanttable
                                     on consultanttable.staffid = settlement.consultantid and
                                        consultanttable.role = 'consultant' and consultanttable.name = #{consultantname}
                          left join staff staff1
                                    on staff1.staffid = settlementitem.staff1 and staff1.role = 'beautician'
                          left join staff staff2
                                    on staff2.staffid = settlementitem.staff2 and staff1.role = 'beautician'
                          inner join project project on project.id = settlementitem.projectid
                          inner join project on project.projectid = project.category2id

                 where settlement.shopid = #{shopid}
                   and settlement.createtime between #{from} and #{to}
             ) t
        group by category2name
    ) t3 on allcategory2.category2name = t3.category2name
    ;



    </select>


    <select id="selecteauticianCategory2SumPrice" resultType="java.util.Map">
        select category2name, sum(price) sumprice
        from (
        select settlement.createtime createtime,

        settlementitem.price price,

        project.projectname category2name,

        staff1.name staff1name,
        staff2.name staff2name

        from settlementitem settlementitem
        left join
        settlement settlement on settlement.id = settlementitem.settlementid
        left join paymentmethod paymentmethod on paymentmethod.id = settlement.paymentmethod
        left join staff staff1 on staff1.staffid = settlementitem.staff1 and staff1.role = 'beautician'
        left join staff staff2 on staff2.staffid = settlementitem.staff2 and staff1.role = 'beautician'
        left join project project on project.projectid = settlementitem.projectid
        left join project on project.projectid = project.category2id

        where settlement.shopid = #{shopid}
        and settlement.createtime between #{from} and #{to}
        order by createtime desc
        ) t
        where staff1name =#{beauticianname}
        or staff2name =#{beauticianname}
    </select>

    <select id="selectbBeauticianCategory2SumCount" resultType="java.util.Map">

        select category2name, times(category2name) countcategory2name
        from (
        select settlement.createtime createtime,

        settlementitem.price price,

        project.projectname category2name,

        staff1.name staff1name,
        staff2.name staff2name

        from settlementitem settlementitem
        left join
        settlement settlement on settlement.id = settlementitem.settlementid
        left join paymentmethod paymentmethod on paymentmethod.id = settlement.paymentmethod
        left join staff staff1 on staff1.staffid = settlementitem.staff1 and staff1.role = 'beautician'
        left join staff staff2 on staff2.staffid = settlementitem.staff2 and staff1.role = 'beautician'
        left join project project on project.projectid = settlementitem.projectid
        left join project on project.projectid = project.category2id

        where settlement.shopid = #{shopid}
        and settlement.createtime between #{from} and #{to}
        order by createtime desc
        ) t
        where staff1name =#{beauticianname}
        or staff2name =#{beauticianname}
    </select>


    <select id="selectbBeauticianCategory2SumCountAndSumPrice" resultType="java.util.Map">


    select factory.name                categoryname,
           allcategory2.category2name   category2name,
           ifnull(t2.sumprice, 0)       sumprice,
           ifnull(t3.countcategory2, 0) sumcount
    from factory
             inner join (
        select project.projectname category2name, project.projectid category2id, factory.id categoryid
        from brand,
             shop,
             factory,
             project
        where shopid = #{shopid}
          and shop.brandid = brand.brandid
          and factory.brandid = brand.brandid
          and project.factoryid = factory.id
    ) allcategory2 on factory.id = allcategory2.categoryid

             left join (
        select category2name, sum(price) sumprice
        from (
                 select settlementitem.price price,
                        project.projectname       category2name

                 from settlementitem settlementitem
                          inner join
                      settlement settlement on settlement.id = settlementitem.settlementid
                          left join paymentmethod paymentmethod on paymentmethod.id = settlement.paymentmethod
                          inner join staff consultanttable
                                     on consultanttable.staffid = settlement.consultantid and
                                        consultanttable.role = 'consultant'
                          left join staff staff1
                                    on staff1.staffid = settlementitem.staff1 and staff1.role = 'beautician'
                          left join staff staff2
                                    on staff2.staffid = settlementitem.staff2 and staff1.role = 'beautician'
                          inner join project project on project.id = settlementitem.projectid
                          inner join project on project.projectid = project.category2id

                 where settlement.shopid = #{shopid}
                   and settlement.createtime between #{from} and #{to}
                   and (staff1.name =  #{beauticianname} or staff2.name =  #{beauticianname})
             ) t
        group by category2name
    ) t2 on allcategory2.category2name = t2.category2name

             left join (
        select category2name, times(category2name) countcategory2
        from (
                 select settlementitem.price price,
                        project.projectname       category2name

                 from settlementitem settlementitem
                          inner join
                      settlement settlement on settlement.id = settlementitem.settlementid
                          left join paymentmethod paymentmethod on paymentmethod.id = settlement.paymentmethod
                          inner join staff consultanttable
                                     on consultanttable.staffid = settlement.consultantid and
                                        consultanttable.role = 'consultant'
                          left join staff staff1
                                    on staff1.staffid = settlementitem.staff1 and staff1.role = 'beautician'
                          left join staff staff2
                                    on staff2.staffid = settlementitem.staff2 and staff1.role = 'beautician'
                          inner join project project on project.id = settlementitem.projectid
                          inner join project on project.projectid = project.category2id

                 where settlement.shopid = #{shopid}
                   and settlement.createtime between #{from} and #{to}
                   and (staff1.name =  #{beauticianname} or staff2.name = #{beauticianname})
             ) t
        group by category2name
    ) t3 on allcategory2.category2name = t3.category2name
    ;




    </select>


    <select id="selectbBeauticianCustomer" resultType="java.util.Map">
    select  times(distinct customername) distinctcustomername,
        times(customername) countcustomername
    from (
             select settlementitem.price    price,
                    settlement.customername customername

             from settlementitem settlementitem
                      left join
                  settlement settlement on settlement.id = settlementitem.settlementid
                      left join paymentmethod paymentmethod on paymentmethod.id = settlement.paymentmethod
                      left join staff staff1
                                on staff1.staffid = settlementitem.staff1 and staff1.role = 'beautician'
                      left join staff staff2
                                on staff2.staffid = settlementitem.staff2 and staff1.role = 'beautician'
                      left join project project on project.projectid = settlementitem.projectid
                      left join factory factory on factory.id = project.factoryid and factory.name = "产品"

             where settlement.shopid = 12
               and settlement.createtime between 20190101 and 20191001
               and (staff1.name = "dewittshop"
                 or staff2.name = "dewittshop")
    ) t

    </select>


    <select id="selctProductProjectSumPriceAndCount" resultType="java.util.Map">

        select t1.projectname projectname, t1.sumprice sumprice, t2.countprojectname countprojectname
        from (
        select projectname projectname, sum(price) sumprice
        from (
        select settlement.id settlementid,
        settlement.shopid shopid,
        settlement.roomname roomname,
        settlement.createtime createtime,
        settlement.customername customername,
        paymentmethod.name paymentmethodname,
        project.name projectname,


        consultanttable.name consultant,

        settlementitem.id settlementitemid,
        settlementitem.times times,
        settlementitem.price price,

        project.projectname category2name,

        staff1.name staff1name,
        staff2.name staff2name

        from settlementitem settlementitem
        inner join settlement settlement on settlement.id = settlementitem.settlementid
        left join paymentmethod paymentmethod on paymentmethod.id = settlement.paymentmethod
        left join staff consultanttable
        on consultanttable.staffid = settlement.consultantid and
        consultanttable.role = 'consultant'
        left join staff staff1
        on staff1.staffid = settlementitem.staff1 and staff1.role = 'beautician'
        left join staff staff2
        on staff2.staffid = settlementitem.staff2 and staff1.role = 'beautician'
        inner join project project on project.id = settlementitem.projectid
        inner join project on project.projectid = project.category2id
        inner join factory factory on factory.id = project.factoryid and factory.name = "产品类"

        where settlement.shopid = #{shopid}
        and settlement.createtime between #{from} and #{to}
        ) t
        group by t.projectname
        ) t1,
        (
        select projectname projectname, times(projectname) countprojectname
        from (
        select settlement.id settlementid,
        settlement.shopid shopid,
        settlement.roomname roomname,
        settlement.createtime createtime,
        settlement.customername customername,
        paymentmethod.name paymentmethodname,
        project.name projectname,


        consultanttable.name consultant,

        settlementitem.id settlementitemid,
        settlementitem.times times,
        settlementitem.price price,

        project.projectname category2name,

        staff1.name staff1name,
        staff2.name staff2name

        from settlementitem settlementitem
        inner join settlement settlement on settlement.id = settlementitem.settlementid
        left join paymentmethod paymentmethod on paymentmethod.id = settlement.paymentmethod
        left join staff consultanttable
        on consultanttable.staffid = settlement.consultantid and
        consultanttable.role = 'consultant'
        left join staff staff1
        on staff1.staffid = settlementitem.staff1 and staff1.role = 'beautician'
        left join staff staff2
        on staff2.staffid = settlementitem.staff2 and staff1.role = 'beautician'
        inner join project project on project.id = settlementitem.projectid
        inner join project on project.projectid = project.category2id
        inner join factory factory on factory.id = project.factoryid and factory.name = "产品类"

        where settlement.shopid = #{shopid}
        and settlement.createtime between #{from} and #{to}
        ) t
        group by t.projectname
        ) t2
        where t1.projectname = t2.projectname
        order by sumprice, countprojectname


    </select>


    <select id="selctBeautyProjectSumPriceAndCount" resultType="java.util.Map">
        select t1.projectname projectname, t1.sumprice sumprice, t2.countprojectname countprojectname
        from (
        select projectname projectname, sum(price) sumprice
        from (
        select settlement.id settlementid,
        settlement.shopid shopid,
        settlement.roomname roomname,
        settlement.createtime createtime,
        settlement.customername customername,
        paymentmethod.name paymentmethodname,
        project.name projectname,


        consultanttable.name consultant,

        settlementitem.id settlementitemid,
        settlementitem.times times,
        settlementitem.price price,

        project.projectname category2name,

        staff1.name staff1name,
        staff2.name staff2name

        from settlementitem settlementitem
        inner join
        settlement settlement on settlement.id = settlementitem.settlementid
        left join paymentmethod paymentmethod on paymentmethod.id = settlement.paymentmethod
        left join staff consultanttable
        on consultanttable.staffid = settlement.consultantid and
        consultanttable.role = 'consultant'
        left join staff staff1
        on staff1.staffid = settlementitem.staff1 and staff1.role = 'beautician'
        left join staff staff2
        on staff2.staffid = settlementitem.staff2 and staff1.role = 'beautician'
        inner join project on project.id = settlementitem.projectid
        inner join project project
        on project.projectid = project.category2id and project.projectname = "美容"

        where settlement.shopid = #{shopid}
        and settlement.createtime between #{from} and #{to}
        ) t
        group by t.projectname
        ) t1,
        (
        select projectname projectname, times(projectname) countprojectname
        from (
        select settlement.id settlementid,
        settlement.shopid shopid,
        settlement.roomname roomname,
        settlement.createtime createtime,
        settlement.customername customername,
        paymentmethod.name paymentmethodname,
        project.name projectname,


        consultanttable.name consultant,

        settlementitem.id settlementitemid,
        settlementitem.times times,
        settlementitem.price price,

        project.projectname category2name,

        staff1.name staff1name,
        staff2.name staff2name

        from settlementitem settlementitem
        inner join
        settlement settlement on settlement.id = settlementitem.settlementid
        left join paymentmethod paymentmethod on paymentmethod.id = settlement.paymentmethod
        left join staff consultanttable
        on consultanttable.staffid = settlement.consultantid and
        consultanttable.role = 'consultant'
        left join staff staff1
        on staff1.staffid = settlementitem.staff1 and staff1.role = 'beautician'
        left join staff staff2
        on staff2.staffid = settlementitem.staff2 and staff1.role = 'beautician'
        inner join project on project.id = settlementitem.projectid
        inner join project project
        on project.projectid = project.category2id and project.projectname = "美容"

        where settlement.shopid = #{shopid}
        and settlement.createtime between #{from} and #{to}
        ) t
        group by t.projectname
        ) t2
        where t1.projectname = t2.projectname
        order by sumprice, countprojectname
    </select>


    <select id="selctBodyProjectSumPriceAndCount" resultType="java.util.Map">

        select t1.projectname projectname, t1.sumprice sumprice, t2.countprojectname countprojectname
        from (
        select projectname projectname, sum(price) sumprice
        from (
        select settlement.id settlementid,
        settlement.shopid shopid,
        settlement.roomname roomname,
        settlement.createtime createtime,
        settlement.customername customername,
        paymentmethod.name paymentmethodname,
        project.name projectname,


        consultanttable.name consultant,

        settlementitem.id settlementitemid,
        settlementitem.times times,
        settlementitem.price price,

        project.projectname category2name,

        staff1.name staff1name,
        staff2.name staff2name

        from settlementitem settlementitem
        inner join
        settlement settlement on settlement.id = settlementitem.settlementid
        left join paymentmethod paymentmethod on paymentmethod.id = settlement.paymentmethod
        left join staff consultanttable
        on consultanttable.staffid = settlement.consultantid and
        consultanttable.role = 'consultant'
        left join staff staff1
        on staff1.staffid = settlementitem.staff1 and staff1.role = 'beautician'
        left join staff staff2
        on staff2.staffid = settlementitem.staff2 and staff1.role = 'beautician'
        inner join project on project.id = settlementitem.projectid
        inner join project project
        on project.projectid = project.category2id and project.projectname = "美体"

        where settlement.shopid = #{shopid}
        and settlement.createtime between #{from} and #{to}
        ) t
        group by t.projectname
        ) t1,
        (
        select projectname projectname, times(projectname) countprojectname
        from (
        select settlement.id settlementid,
        settlement.shopid shopid,
        settlement.roomname roomname,
        settlement.createtime createtime,
        settlement.customername customername,
        paymentmethod.name paymentmethodname,
        project.name projectname,


        consultanttable.name consultant,

        settlementitem.id settlementitemid,
        settlementitem.times times,
        settlementitem.price price,

        project.projectname category2name,

        staff1.name staff1name,
        staff2.name staff2name

        from settlementitem settlementitem
        inner join
        settlement settlement on settlement.id = settlementitem.settlementid
        left join paymentmethod paymentmethod on paymentmethod.id = settlement.paymentmethod
        left join staff consultanttable
        on consultanttable.staffid = settlement.consultantid and
        consultanttable.role = 'consultant'
        left join staff staff1
        on staff1.staffid = settlementitem.staff1 and staff1.role = 'beautician'
        left join staff staff2
        on staff2.staffid = settlementitem.staff2 and staff1.role = 'beautician'
        inner join project on project.id = settlementitem.projectid
        inner join project project
        on project.projectid = project.category2id and project.projectname = "美体"

        where settlement.shopid = #{shopid}
        and settlement.createtime between #{from} and #{to}
        ) t
        group by t.projectname
        ) t2
        where t1.projectname = t2.projectname
        order by sumprice, countprojectname

    </select>


    <select id="selectRentouKeliu" resultType="java.util.HashMap">
        select times(settlement.customername) keliu, times(distinct settlement.customername) rentou
    from settlement
    where settlement.shopid = #{shopid}
      and settlement.createtime between #{from} and #{to}
    </select>


    <select id="selectRentouKeliuConsultant" resultType="java.util.HashMap">
    select times(settlement.customername) keliu, times(distinct settlement.customername) rentou
    from settlement,
         staff
    where settlement.consultantid = staff.staffid
      and staff.role = 'consultant'
      and settlement.shopid = #{shopid}
      and settlement.createtime between #{from} and #{to}
    </select>


</mapper>

