<?xml version="1.0" encoding="UTF-8" ?>
<!DOCTYPE mapper
        PUBLIC "-//mybatis.org//DTD Mapper 3.0//EN"
        "http://mybatis.org/dtd/mybatis-3-mapper.dtd">
<mapper namespace="com.aaa.huahui.repository.Settlement_newRepository">
    <update id="examine">
        update settlementnew
        <if test="pass==1">
            set examine=1
        </if>
        <if test="pass==-1">
            set examine = -1
        </if>
        where settlementid=#{settlementid}
    </update>

    <select id="dayslaststoshop" resultType="java.lang.Integer">

    select if(count(t.createtime) = 0, -1, datediff(now(), createtime)) lastsdays
    from (
             select createtime
             from settlementnew
             where shopid = #{shopid}
               and customer = #{customer}
             order by createtime desc
             limit 1
         ) t
    group by t.createtime;
    </select>
    <select id="projectremainingtimes" resultType="java.lang.Integer">

    <!-- -1没有此项目，-2未消费-->

        select if(sumcourses=0,-2,sumcourses-count) lasttimes
        from (
        select ifnull(count(*),0) count
        from settlementnew
        where customer =    #{customer}
        and shopid =      #{shopid}
        and projectname = #{projectname}
        and consumptioncategory = "卡扣实操"
        limit 1
        ) t1,
        (select ifnull(sum(courses),0) as sumcourses
        from settlementnew
        where customer =    #{customer}
        and shopid =      #{shopid}
        and projectname = #{projectname}
        and category = "卡"
        and consumptioncategory = "卡扣卡") t2;

    </select>

    <select id="getAllTodayAndUnexaminedSettlement" resultType="java.util.HashMap">
        select customer,projectname,money,consumptionpattern, from
    </select>

</mapper>