{
  "id": "",
  "name": "",
  "font_family": "iconfont",
  "css_prefix_text": "icon-",
  "description": "",
  "glyphs": [
    {
      "icon_id": "1305474",
      "name": "权限",
      "font_class": "quanxian",
      "unicode": "e63f",
      "unicode_decimal": 58943
    },
    {
      "icon_id": "3366115",
      "name": "设置",
      "font_class": "shezhi",
      "unicode": "e65a",
      "unicode_decimal": 58970
    },
    {
      "icon_id": "6510095",
      "name": "项目",
      "font_class": "xiangmu",
      "unicode": "e836",
      "unicode_decimal": 59446
    },
    {
      "icon_id": "8224808",
      "name": "员工账号管理",
      "font_class": "yuangongzhanghaoguanli",
      "unicode": "e601",
      "unicode_decimal": 58881
    },
    {
      "icon_id": "9509969",
      "name": "销售统计",
      "font_class": "xiaoshoutongji",
      "unicode": "e611",
      "unicode_decimal": 58897
    },
    {
      "icon_id": "10359992",
      "name": "退出",
      "font_class": "tuichu",
      "unicode": "e603",
      "unicode_decimal": 58883
    }
  ]
}
